 set,,,GENERAL INFORMATION,,,,,,,,,,,,,,,,,,,,,,,,,,,,,,,,,,,,,,,,,,,,,,,,,,,,,,,,,,
â„–,NAME,US TIER LIST,US,UK,CA,MX,DE,IT,ES,FR,SE,PL,NL,TR,JP,ASIN (US/CA/MX),SKU (US/CA/MX),"PRODUCT INDENTIFIER
(US/CA/MX)",FNSKU (US/CA/MX),UPC (US),UPC (CA),UPC (MX),"PRODUCT BARCODE 
(US/CA/MX)",GTIN,ASIN (UK/TR),SKU (UK),"PRODUCT INDENTIFIER
(UK)",FNSKU (UK),UPC/ EAN (UK),"PRODUCT BARCODE 
(UK)",ASIN (EU/TR),SKU (EU),"PRODUCT INDENTIFIER
(EU)",FNSKU (EU),UPC (EU),"PRODUCT BARCODE 
(EU)",ASIN (JP),"PRODUCT INDENTIFIER
(JP)",FNSKU (JP),UPC (JP),"PRODUCT BARCODE 
(JP)",CARE LABELS US,CARE LABELS CA,CARE LABELS UK,CARE LABELS EU,SHORT NAME,,UPLOADED ON AMZ,,,,,,,,,,,,,UPLOADED ON YT
1,Seat Cushion Black,PLATINUM,https://www.amazon.com/dp/B01EBDV9BU,https://www.amazon.co.uk/dp/B01EBDV9BU,https://www.amazon.ca/dp/B01EBDV9BU,https://www.amazon.com.mx/dp/B01EBDV9BU,https://www.amazon.de/dp/B01EBDV9BU,https://www.amazon.it/dp/B01EBDV9BU,https://www.amazon.es/dp/B01EBDV9BU,https://www.amazon.fr/dp/B01EBDV9BU,https://www.amazon.pl/dp/B01EBDV9BU,https://www.amazon.pl/dp/B01EBDV9BU,https://www.amazon.nl/dp/B01EBDV9BU,https://www.amazon.com.tr/dp/B01EBDV9BU,https://www.amazon.co.jp/dp/B01EBDV9BU,B01EBDV9BU,8K-VA60-WNJK,FNSKU,X00106UHA7,675595199103,675595199103,675595199103,SC black barcode,00810062780259,B01EBDV9BU,EC-MF,FNSKU,X000MGRB93,675595199103,EC-MF barcode,B01EBDV9BU,EC-MF,FNSKU,"        
X000MGRB93",675595199103,EC-MF barcode,B01EBDV9BU,FNSKU,X000ZXVH7R,053119871955,file,https://docs.google.com/document/d/1aYoQPHQb25CGx9xURCLMMvDddM6bu0_vvRgjf_z6di8/edit?usp=sharing,https://docs.google.com/document/d/1PNm7HuPC-NIQy_YDHO9nCxVIUPGpf0OghkXqruYEDtE/edit?usp=sharing,https://docs.google.com/document/d/1Rq9YV-IkEcZKztbnXqIPfiiWN6yryKj4oHdnE6OO8wQ/edit?usp=sharing,https://docs.google.com/document/d/1loZBoEEId07cc31CuekSO4w7QWZwZZzg_opz7xaBC88/edit?usp=sharing,SC-B,SC,YES,YES,NO,NO,NO,NO,NO,NO,NO,NO,NO,NO,NO,YES
1,Seat Cushion Blue,PLATINUM,https://www.amazon.com/dp/B07SZ3TNGQ,-,https://www.amazon.ca/dp/B07SZ3TNGQ,https://www.amazon.com.mx/dp/B07SZ3TNGQ,-,-,-,-,-,-,-,-,https://www.amazon.co.jp/dp/B07SZ3TNGQ,B07SZ3TNGQ,SC-BL,FNSKU,X0027OQC19,850004566213,850004566213,850004566213,SC Blue barcode,00810062780891,B07SZ3TNGQ,SC-BL,FNSKU,X001CXFFTN,850004566213,SC-BL barcode,B07SZ3TNGQ,SC-BL,FNSKU,X001CXFFTN,B07SZ3TNGQ,SC-BL barcode,B07SZ3TNGQ,FNSKU,X000Z2MS7L,850004566213,,https://docs.google.com/document/d/1zdHZJrjPomSoMb2R329_o1zhSlP6i3EZH2HaP1LUtmw/edit?usp=sharing,https://docs.google.com/document/d/1zdHZJrjPomSoMb2R329_o1zhSlP6i3EZH2HaP1LUtmw/edit?usp=sharing,https://docs.google.com/document/d/1kHH6_TsU9ygf5DoB_CLloaKrYzKj2Ay_PKFc_QPEdLs/edit?usp=sharing,https://docs.google.com/document/d/1QhR3LAfueSDBB6RsVPHyyh7YbMYoKXPAq02oZlllvL8/edit?usp=sharing,SC-BL,SC,YES,YES,NO,NO,NO,NO,NO,NO,NO,NO,NO,NO,NO,
1,Seat Cushion Gray,PLATINUM,https://www.amazon.com/dp/B07SZ3THNS,-,https://www.amazon.ca/dp/B07SZ3THNS,https://www.amazon.com.mx/dp/B07SZ3THNS,-,-,-,-,-,-,-,-,https://www.amazon.co.jp/dp/B07SZ3THNS,B07SZ3THNS,SC-G,FNSKU,X0027M4QXH,850004566237,850004566237,850004566237,SC-Gray barcode,00810062780907,B07SZ3THNS,SC-G,FNSKU,X001CXFDSV,850004566237,SC-G barcode,B07SZ3THNS,SC-G,FNSKU,X001CXFDSV,850004566213,SC-G barcode,B07SZ3THNS,FNSKU,X000Z2NJAL,850004566237,,https://docs.google.com/document/d/1zdHZJrjPomSoMb2R329_o1zhSlP6i3EZH2HaP1LUtmw/edit?usp=sharing,https://docs.google.com/document/d/1zdHZJrjPomSoMb2R329_o1zhSlP6i3EZH2HaP1LUtmw/edit?usp=sharing,https://docs.google.com/document/d/1kHH6_TsU9ygf5DoB_CLloaKrYzKj2Ay_PKFc_QPEdLs/edit?usp=sharing,https://docs.google.com/document/d/1QhR3LAfueSDBB6RsVPHyyh7YbMYoKXPAq02oZlllvL8/edit?usp=sharing,SC-G,SC,YES,YES,NO,NO,NO,NO,NO,NO,NO,NO,NO,NO,NO,
1,Seat Cushion Navy Blue,PLATINUM,https://www.amazon.com/dp/B07T16Q847,-,https://www.amazon.ca/dp/B07T16Q847,https://www.amazon.com.mx/dp/B07T16Q847,-,-,-,-,-,-,-,-,https://www.amazon.co.jp/dp/B07T16Q847,B07T16Q847,SC-NB,FNSKU,X0027L8TXB,850004566206,850004566206,850004566206,SC-Navy Blue barcode,00810062780914,B07T16Q847,SC-NB,FNSKU,X001CXCAT1,850004566206,SC-NB barcode,B07T16Q847,SC-NB,FNSKU,X001CXCAT1,B07T16Q847,SC-NB barcode,B07T16Q847,FNSKU,X000Z2MX49,850004566206,,https://docs.google.com/document/d/1zdHZJrjPomSoMb2R329_o1zhSlP6i3EZH2HaP1LUtmw/edit?usp=sharing,https://docs.google.com/document/d/1zdHZJrjPomSoMb2R329_o1zhSlP6i3EZH2HaP1LUtmw/edit?usp=sharing,https://docs.google.com/document/d/1kHH6_TsU9ygf5DoB_CLloaKrYzKj2Ay_PKFc_QPEdLs/edit?usp=sharing,https://docs.google.com/document/d/1QhR3LAfueSDBB6RsVPHyyh7YbMYoKXPAq02oZlllvL8/edit?usp=sharing,SC-NB,SC,YES,YES,NO,NO,NO,NO,NO,NO,NO,NO,NO,NO,NO,
1,Seat Cushion Red,PLATINUM,https://www.amazon.com/dp/B07T15YVB3,-,https://www.amazon.ca/dp/B07T15YVB3,https://www.amazon.com.mx/dp/B07T15YVB3,-,-,-,-,-,-,-,-,https://www.amazon.co.jp/dp/B07T15YVB3,B07T15YVB3,SC-R,FNSKU,X0027L8TXL,850004566220,850004566220,850004566220,SC-Red barcode,00810062780921,B07T15YVB3,SC-R,FNSKU,X001CXCAXH,850004566220,SC-R barcode,B07T15YVB3,SC-R,FNSKU,X001CXCAXH,B07T15YVB3,SC-R barcode,B07T15YVB3,FNSKU,X000Z2NO2T,850004566220,,https://docs.google.com/document/d/1zdHZJrjPomSoMb2R329_o1zhSlP6i3EZH2HaP1LUtmw/edit?usp=sharing,https://docs.google.com/document/d/1zdHZJrjPomSoMb2R329_o1zhSlP6i3EZH2HaP1LUtmw/edit?usp=sharing,https://docs.google.com/document/d/1kHH6_TsU9ygf5DoB_CLloaKrYzKj2Ay_PKFc_QPEdLs/edit?usp=sharing,https://docs.google.com/document/d/1QhR3LAfueSDBB6RsVPHyyh7YbMYoKXPAq02oZlllvL8/edit?usp=sharing,SC-R,SC,YES,YES,NO,NO,NO,NO,NO,NO,NO,NO,NO,NO,NO,
2,Foot Rest Pillow (Black),PLATINUM,https://www.amazon.com/dp/B07PGLBCFG,-,https://www.amazon.ca/dp/B07PGLBCFG,https://www.amazon.com.mx/dp/B07PGLBCFG,-,-,-,-,-,-,-,https://www.amazon.com.tr/dp/B07PGLBCFG,https://www.amazon.co.jp/dp/B07PGLBCFG,B07PGLBCFG,FRP,FNSKU,X0022TXC9T,850004566114,850004566114,850004566114,FRP-Black barcode,00810062780952,B07PGLBCFG,FRP,FNSKU,X0016MT7U3,850004566114,FRP barcode,B07PGLBCFG,FRP,FNSKU,X0016MT7U3,B07PGLBCFG,FRP barcode,B07PGLBCFG,FNSKU,X000Z1WOQ7,850004566114,file,https://docs.google.com/document/d/1pkFbEAAk6rEvCuevtX4d4sP5NIXX194frO78ixxHpb0/edit?usp=sharing,https://docs.google.com/document/d/1vvIhNuShumDPWpsTMQdGgI3aAMyimofKgUs4bMa6Gss/edit?usp=sharing,https://docs.google.com/document/d/1Asu9z_g9MNfFVjLEJVL6Za1C2uq3BZIDW45N4-iDsCI/edit?usp=sharing,-,FRP,FRP,NO,YES,NO,NO,NO,NO,NO,NO,NO,NO,-,NO,NO,YES
2,Foot Rest Pillow (Navy Blue),PLATINUM,-,-,-,-,-,-,-,-,-,-,-,-,-,B09NCKLF97,FRP-NB,UPC,B09NCKLF97,810062781386,810062781386,810062781386,FRP-NB barcode,00810062781386,B09NCKLF97,,-,-,-,-,-,-,-,-,-,-,-,,,,,,,,,FRP-NB,FRP,NO,,,,,,,,,,,,,
2,Foot Rest Pillow (Gray),PLATINUM,https://www.amazon.com/dp/B09NCPHLHQ,-,-,-,-,-,-,-,-,-,-,-,-,B09NCPHLHQ,FRP-GI,UPC,B09NCPHLHQ,810062781393,810062781393,810062781393,FRP-GI barcode,00810062781393,,,-,-,-,-,-,-,-,-,-,-,-,,,,,,,,,FRP-G,FRP,NO,,,,,,,,,,,,,
3,Foot Rest Pillow Gel Infused,DIRT,https://www.amazon.com/dp/B08S2Y4Z6K,https://www.amazon.co.uk/dp/,https://www.amazon.ca/dp/B08S2Y4Z6K,https://www.amazon.com.mx/dp/B08S2Y4Z6K,-,-,-,-,-,-,-,-,https://www.amazon.co.jp/dp/B08S2Y4Z6K,B08S2Y4Z6K,FRP-GI,FNSKU,X002RIR79L,850004566855,850004566855,850004566856,FRP-Gel barcode,00810062780969,,,-,-,-,-,-,-,-,-,-,,,,,,,https://docs.google.com/document/d/1rq2yfjLTXImmelvO81IliOCQOGdf5pc3SVpkpXzysjk/edit?usp=sharing,-,-,-,FRP-GI,FRP-GI,NO,-,-,NO,-,-,-,-,-,-,-,-,NO,NO
4,Back Cushion Black,PLATINUM,https://www.amazon.com/dp/B01IJNJAZ0,https://www.amazon.co.uk/dp/B01IJNJAZ0,https://www.amazon.ca/dp/B01IJNJAZ0,https://www.amazon.com.mx/dp/B01IJNJAZ0,https://www.amazon.de/dp/B01IJNJAZ0,https://www.amazon.it/dp/B01IJNJAZ0,https://www.amazon.es/dp/B01IJNJAZ0,https://www.amazon.fr/dp/B01IJNJAZ0,-,-,-,https://www.amazon.com.tr/dp/B01IJNJAZ0,https://www.amazon.co.jp/dp/B01IJNJAZ0,B01IJNJAZ0,7,FNSKU,X0015KK4JH,810062780082,810062780082,810062780082,BC-Black barcode,00810062780082,B01IJNJAZ0,EC-BC-UK,FNSKU,X000QPGDCL,810062780082,EC-BC-UK barcode,B01IJNJAZ0,EC-BC-UK,FNSKU,X000QPGDCL,B01IJNJAZ0,EC-BC-UK barcode,B01IJNJAZ0,FNSKU,X000Z2EA77,810062780082,file,https://docs.google.com/document/d/1Xb8XnS9Qb8clX5kY9yEPbgdCoznZkp1xwa650JYCik4/edit?usp=sharing,https://docs.google.com/document/d/1ffqS234FCTxM1Dm9Rj2TRHplZgmmao5UAmlW43RmWS4/edit?usp=sharing,https://docs.google.com/document/d/1LJLPoI5ZzWANzwgBHj-ZBI0RtDv7-1fcP47hZ9ayVdk/edit?usp=sharing,-,BC-B,BC,YES,YES,NO,NO,NO,NO,NO,NO,-,-,-,NO,NO,YES
4,Back Cushion Blue,PLATINUM,https://www.amazon.com/dp/B07T86CZ4T,-,-,https://www.amazon.com.mx/dp/B07T86CZ4T,-,-,-,-,-,-,-,-,https://www.amazon.co.jp/dp/B07T86CZ4T,B07T86CZ4T,BC-BL,FNSKU,X0027YX0YB,850004566275,850004566275,850004566275,BC-Blue barcode,00810062780983,B07T86CZ4T,BC-BL,FNSKU,X001CXC94H,850004566275,BC-BL barcode,B07T86CZ4T,BC-BL,FNSKU,X001CXC94H,B07T86CZ4T,BC-BL barcode,B07T86CZ4T,FNSKU,X000Z2ZETP,850004566275,file,https://docs.google.com/document/d/1mxis4SzZ8sX1tciWvg7OelauKPAwgILqRbhPdxrUfhk/edit?usp=sharing,https://docs.google.com/document/d/1_ko_H3X6lNWu0GjumTqdJN4JkYH6jNWFIew2cZCYrUI/edit?usp=sharing,https://docs.google.com/document/d/1mH1OQ893fPi978ZvJImq5OTrTJPkA1M9qlZsvv4IWNE/edit?usp=sharing,-,BC-BL,BC,,,,,,,,,,,,,,
4,Back Cushion Gray,PLATINUM,https://www.amazon.com/dp/B07VBJTNFC,-,-,https://www.amazon.com.mx/dp/B07VBJTNFC,-,-,-,-,-,-,-,-,https://www.amazon.co.jp/dp/B07VBJTNFC,B07VBJTNFC,"	
BC-G",FNSKU,X002928FAP,850004566305,850004566305,850004566305,BC-Gray barcode,00810062780990,B07VBJTNFC,"	
BC-G",FNSKU,X001CXFFJD,850004566305,"	
BC-G barcode",B07VBJTNFC,"	
BC-G",FNSKU,X001CXFFJD,B07VBJTNFC,"	
BC-G barcode",B07VBJTNFC,FNSKU,X000Z2YATF,850004566305,file,https://docs.google.com/document/d/1mxis4SzZ8sX1tciWvg7OelauKPAwgILqRbhPdxrUfhk/edit?usp=sharing,https://docs.google.com/document/d/1_ko_H3X6lNWu0GjumTqdJN4JkYH6jNWFIew2cZCYrUI/edit?usp=sharing,https://docs.google.com/document/d/1mH1OQ893fPi978ZvJImq5OTrTJPkA1M9qlZsvv4IWNE/edit?usp=sharing,-,BC-G,BC,,,,,,,,,,,,,,
4,Back Cushion Navy Blue,PLATINUM,https://www.amazon.com/dp/B07TCCDR9K,-,-,https://www.amazon.com.mx/dp/B07TCCDR9K,-,-,-,-,-,-,-,-,https://www.amazon.co.jp/dp/B07TCCDR9K,B07TCCDR9K,BC-NB,FNSKU,X0027UDELJ,850004566282,850004566282,850004566282,BC-Navy Blue barcode,00810062781003,B07TCCDR9K,BC-NB,FNSKU,X001CXFFM5,850004566282,BC-NB barcode,B07TCCDR9K,BC-NB,FNSKU,X001CXFFM5,B07TCCDR9K,BC-NB barcode,B07TCCDR9K,FNSKU,X000Z2YDZB,850004566282,file,https://docs.google.com/document/d/1mxis4SzZ8sX1tciWvg7OelauKPAwgILqRbhPdxrUfhk/edit?usp=sharing,https://docs.google.com/document/d/1_ko_H3X6lNWu0GjumTqdJN4JkYH6jNWFIew2cZCYrUI/edit?usp=sharing,https://docs.google.com/document/d/1mH1OQ893fPi978ZvJImq5OTrTJPkA1M9qlZsvv4IWNE/edit?usp=sharing,-,BC-NB,BC,,,,,,,,,,,,,,
4,Back Cushion Red,PLATINUM,https://www.amazon.com/dp/B07TBBLCMK,-,-,https://www.amazon.com.mx/dp/B07TBBLCMK,-,-,-,-,-,-,-,-,https://www.amazon.co.jp/dp/B07TBBLCMK,B07TBBLCMK,BC-R,FNSKU,X0027WBR6V,850004566299,850004566299,850004566299,BC-Red barcode,00810062781010,B07TBBLCMK,BC-R,FNSKU,X001CXGW13,850004566299,BC-R barcode,B07TBBLCMK,BC-R,FNSKU,X001CXGW13,B07TBBLCMK,BC-R barcode,B07TBBLCMK,FNSKU,X000Z2Z3JB,850004566299,file,https://docs.google.com/document/d/1mxis4SzZ8sX1tciWvg7OelauKPAwgILqRbhPdxrUfhk/edit?usp=sharing,https://docs.google.com/document/d/1_ko_H3X6lNWu0GjumTqdJN4JkYH6jNWFIew2cZCYrUI/edit?usp=sharing,https://docs.google.com/document/d/1mH1OQ893fPi978ZvJImq5OTrTJPkA1M9qlZsvv4IWNE/edit?usp=sharing,-,BC-R,BC,,,,,,,,,,,,,,
5,Wedge Cushion,BRONZE,https://www.amazon.com/dp/B075DRS4C9,https://www.amazon.co.uk/dp/B075DRS4C9,https://www.amazon.ca/dp/B075DRS4C9,https://www.amazon.com.mx/dp/B075DRS4C9,https://www.amazon.de/dp/B075DRS4C9,https://www.amazon.it/dp/B075DRS4C9,https://www.amazon.es/dp/B075DRS4C9,https://www.amazon.fr/dp/B075DRS4C9,-,https://www.amazon.pl/dp/B075DRS4C9,https://www.amazon.nl/dp/B075DRS4C9,-,https://www.amazon.co.jp/dp/B075DRS4C9,B075DRS4C9,3I-GX1T-3CM5,FNSKU,X001KB32R7,046728408414,046728408414,046728408414,WC barcode,00810062780525,B075DRS4C9,EC-WC-EU,FNSKU,X0016D4NBP,,EC-WC-EU barcode,B075DRS4C9,EC-WC-EU,FNSKU,X0016D4NBP,046728408438,EC-WC-EU barcode,B075DRS4C9,FNSKU,X000ZJG6IL,046728408414,file,https://docs.google.com/document/d/1-dgqcj2L0d8I3chUtMrpPcdYQqn_7w54wdmOHqlgsZs/edit?usp=sharing,https://docs.google.com/document/d/1Z4ZdAQwloaVCIaX0ffFEzst6KRI2CkrC-sctPCOMuAI/edit?usp=sharing,https://docs.google.com/document/d/14qp0gpKF-e1SDTnnNPK9IXyyms185WoOOPx1kSZsCD4/edit?usp=sharing,-,WC,WC,YES,YES,NO,NO,NO,NO,NO,NO,-,NO,NO,-,NO,YES
6,Knee Pillow,BRONZE,https://www.amazon.com/dp/B07995B8L1,https://www.amazon.co.uk/dp/B07995B8L1,https://www.amazon.ca/dp/B07995B8L1,https://www.amazon.com.mx/dp/B07995B8L1,https://www.amazon.de/dp/B07995B8L1,https://www.amazon.it/dp/B07995B8L1,https://www.amazon.es/dp/B07995B8L1,https://www.amazon.fr/dp/B07995B8L1,-,-,https://www.amazon.nl/dp/B07995B8L1,https://www.amazon.com.tr/dp/B07995B8L1,https://www.amazon.co.jp/dp/B07995B8L1,B07995B8L1,EC-KPW,FNSKU,X001EBA7AX,046728408032,046728408032,046728408032,KP barcode,00810062780303,B07995B8L1,KP,FNSKU,X0016MRW2D,046728408469,KP barcode,B07995B8L1,KP,FNSKU,X0016MRW2D,B07995B8L1,KP barcode,B07995B8L1,FNSKU,X000Z2EGNP,046728408469,file,https://docs.google.com/document/d/1SUYeFeIXsrzawxPtYTnKOHVE4U8KzBi3IXU12pWFilQ/edit?usp=sharing,https://docs.google.com/document/d/1Rr2hPvYVO7sAUcQF-mFPa1c-W6M-cChikH-32qRLunA/edit?usp=sharing,https://docs.google.com/document/d/1tVQW5auARa6bMge1OzBfoOVgvCGkoq33pDUqpZWM7Lw/edit?usp=sharing,-,KP,KP,YES,YES,NO,NO,NO,NO,NO,NO,-,-,NO,NO,NO,YES
7,Knee Pillow,BRONZE,https://www.amazon.com/dp/B07JP3B5VL,https://www.amazon.co.uk/dp/B07JP3B5VL,https://www.amazon.ca/dp/B07JP3B5VL,https://www.amazon.com.mx/dp/B07JP3B5VL,https://www.amazon.de/dp/B07JP3B5VL,https://www.amazon.it/dp/B07JP3B5VL,https://www.amazon.es/dp/B07JP3B5VL,https://www.amazon.fr/dp/B07JP3B5VL,-,-,-,https://www.amazon.com.tr/dp/B07JP3B5VL,https://www.amazon.co.jp/dp/B07JP3B5VL,B07JP3B5VL,SC-GI,FNSKU,X001XMUDAH,810062780020,810062780020,810062780020,SC-Gel barcode,00810062780020,B07JP3B5VL,SC-GI,FNSKU,X001CXC0VT,810062780020,SC-GI barcode,B07JP3B5VL,SC-GI,FNSKU,X001CXC0VT,B07JP3B5VL,SC-GI barcode,B07JP3B5VL,,,,,https://docs.google.com/document/d/1YWZmf69ZaCGdFSDcRFX7fWTCc82ugkPG5YcwY3TCAUo/edit?usp=sharing,https://docs.google.com/document/d/1d66-hfzOWErJ0znalgl0CHdsw8_HsoC-R8BduQ8XT2g/edit?usp=sharing,https://docs.google.com/document/d/17pZfl1t31zSu7ssLlza1MMtNzvo9qWwgsjX2COs1V5w/edit?usp=sharing,-,SC-GI,SC-GI,YES,NO,NO,NO,NO,NO,NO,NO,-,-,-,NO,NO,YES
8,Office Chair Gel Infused,DIRT,https://www.amazon.com/dp/B08V3T5GLJ,-,https://www.amazon.ca/dp/B08V3T5GLJ,https://www.amazon.com.mx/dp/B08V3T5GLJ,-,-,-,-,-,-,-,-,https://www.amazon.co.jp/dp/B08V3T5GLJ,B08V3T5GLJ,OCC,UPC,B08V3T5GLJ,850004566879,850004566880,850004566881,OCC barcode,00850004566879,-,-,-,-,-,,B08V3T5GLJ,-,-,-,-,-,B08V3T5GLJ,FNSKU,X000Z2E5DL,850004566879,file,https://docs.google.com/document/d/19pAcnz3K0ZRUSfK7yrQgsfMNMwuvkGs-utEDbTtlSB0/edit?usp=sharing,-,-,-,OCC,OCC,YES,-,-,NO,-,-,-,-,-,-,-,-,NO,NO
9,"Wheelchair Cushion 
Gel Infused",DIRT,https://www.amazon.com/dp/B07LB8TRL3,https://www.amazon.co.uk/dp/B07LB8TRL3,https://www.amazon.ca/dp/B07LB8TRL3,https://www.amazon.com.mx/dp/B07LB8TRL3,https://www.amazon.de/dp/B07LB8TRL3,https://www.amazon.it/dp/B07LB8TRL3,https://www.amazon.es/dp/B07LB8TRL3,https://www.amazon.fr/dp/B07LB8TRL3,https://www.amazon.pl/dp/B07LB8TRL3,https://www.amazon.pl/dp/B07LB8TRL3,https://www.amazon.nl/dp/B07LB8TRL3,-,https://www.amazon.co.jp/dp/B07LB8TRL3,B07LB8TRL3,WCC,FNSKU,X0020B8XPR,850004566008,850004566008,850004566008,WCC barcode,00810062781027,B07LB8TRL3,WCC,FNSKU,X0016MRW6T,850004566008,WCC barcode,B07LB8TRL3,WCC,FNSKU,X0016MRW6T,B07LB8TRL3,WCC barcode,,,,,,https://docs.google.com/document/d/1yjCH76sPpS9n9BDTC4yG7HJgSHsq0ucMsIOFDe2QZok/edit?usp=sharing,https://docs.google.com/document/d/10l9U3T9PVrfAuqyj9MiveJH-Ar9MWANRoraWk796Zf8/edit?usp=sharing,https://docs.google.com/document/d/1gqv8zb1NwS4dANnNeMivrXKL7CqHMLP0Y7p2gAs_zvM/edit?usp=sharing,-,WCC,WCC,YES,YES,NO,NO,NO,NO,NO,NO,NO,NO,NO,-,NO,YES
10,Half Moon Pillow,BRONZE,https://www.amazon.com/dp/B07NPTXTFV,https://www.amazon.co.uk/dp/B07NPTXTFV,https://www.amazon.ca/dp/B07NPTXTFV,https://www.amazon.com.mx/dp/B07NPTXTFV,https://www.amazon.de/dp/B07NPTXTFV,https://www.amazon.it/dp/B07NPTXTFV,https://www.amazon.es/dp/B07NPTXTFV,-,-,-,-,-,https://www.amazon.co.jp/dp/B07NPTXTFV,B07NPTXTFV,HMP,FNSKU,X0022GNKSZ,850004566015,850004566015,850004566015,HMP barcode,00810062781034,B07NPTXTFV,HMP,FNSKU,X001CXFHMN,850004566015,HMP barcode,B07NPTXTFV,HMP,FNSKU,X001CXFHMN,"	
B07NPTXTFV",HMP barcode,,,,,,https://docs.google.com/document/d/15HafLHgZNioVLAe068ZMbwwuvjw-E1FayKho6SKcMz4/edit?usp=sharing,https://docs.google.com/document/d/1a3QkbThiDyHXu2btBejDxOh8NI1_7gkPH5mIdMclx-4/edit?usp=sharing,https://docs.google.com/document/d/1sO_97kLqX55g5NOh9yyyRjNfiImhtGVTRlt6KG4DKAM/edit?usp=sharing,-,HMP,HMP,YES,NO,NO,NO,NO,NO,NO,-,-,-,-,-,NO,YES
11,"Back Cushion 
Gel Infused",BRONZE,https://www.amazon.com/dp/B07JQ2MG99,https://www.amazon.co.uk/dp/B07JQ2MG99,https://www.amazon.ca/dp/B07JQ2MG99,https://www.amazon.com.mx/dp/B07JQ2MG99,https://www.amazon.de/dp/B07JQ2MG99,https://www.amazon.it/dp/B07JQ2MG99,https://www.amazon.es/dp/B07JQ2MG99,https://www.amazon.fr/dp/B07JQ2MG99,-,-,-,-,https://www.amazon.co.jp/dp/B07JQ2MG99,B07JQ2MG99,BC-GI,FNSKU,X001XMUHNF,810062780013,810062780013,810062780013,BC-Gel barcode,00810062780013,B07JQ2MG99,BC-GI,FNSKU,X001CXFFS9,810062780013,BC-GI barcode,B07JQ2MG99,BC-GI,FNSKU,X001CXFFS9,B07JQ2MG99,BC-GI barcode,,,,,,https://docs.google.com/document/d/1kKaxePE5234xmW6WXB73y3g_RCs9iEf2oO0YrCrKrZg/edit?usp=sharing,https://docs.google.com/document/d/1w0CIk6COcyQ05ajxkaDeB5R-t48_afk4jXGK_x6uZoY/edit?usp=sharing,https://docs.google.com/document/d/1Eef6acmtuBySpU_hwHxqdVqj_Sq0PRnQzvoG0ylkPms/edit?usp=sharing,-,BC-GI,BC-GI,YES,NO,YES,NO,NO,NO,NO,NO,-,-,-,-,NO,YES
12,Armrest Pads,PLATINUM,https://www.amazon.com/dp/B089Q9D5W9,https://www.amazon.co.uk/dp/B089Q9D5W9,https://www.amazon.ca/dp/B089Q9D5W9,https://www.amazon.com.mx/dp/B089Q9D5W9,https://www.amazon.de/dp/B089Q9D5W9,https://www.amazon.it/dp/B089Q9D5W9,https://www.amazon.es/dp/B089Q9D5W9,https://www.amazon.fr/dp/B089Q9D5W9,https://www.amazon.pl/dp/B089Q9D5W9,https://www.amazon.pl/dp/B089Q9D5W9,https://www.amazon.nl/dp/B089Q9D5W9,-,https://www.amazon.co.jp/dp/B089Q9D5W9,B089Q9D5W9,ARP,FNSKU,X002JJDZD5,850004566794,850004566794,850004566794,ARP barcode,00850004566794,B089Q9D5W9,ARP,FNSKU,X0019FYNYR,850004566794,ARP barcode,B089Q9D5W9,ARP,FNSKU,X0019FYNYR,B089Q9D5W9,ARP barcode,B089Q9D5W9,FNSKU,X000Z2FEPT,850004566794,file,https://docs.google.com/document/d/1eegjkzJqAGmrhw_EwjLvvxIxga5jiI8q6li2zVB-mSY/edit?usp=sharing,https://docs.google.com/document/d/1w0CIk6COcyQ05ajxkaDeB5R-t48_afk4jXGK_x6uZoY/edit?usp=sharing,https://docs.google.com/document/d/1xAZEOO3i6Gv4K1dQ0jcaFf87aw67v7R5X8Rv2XFJ0LU/edit?usp=sharing,-,ARP,ARP,YES,YES,NO,NO,NO,NO,NO,NO,NO,NO,NO,-,NO,YES
13,Bath Pillow,BRONZE,https://www.amazon.com/dp/B08BHP37DW,https://www.amazon.co.uk/dp/B08BHP37DW,https://www.amazon.ca/dp/B08BHP37DW,https://www.amazon.com.mx/dp/B08BHP37DW,https://www.amazon.de/dp/B08BHP37DW,https://www.amazon.it/dp/B08BHP37DW,https://www.amazon.es/dp/B08BHP37DW,https://www.amazon.fr/dp/B08BHP37DW,https://www.amazon.pl/dp/B08BHP37DW,https://www.amazon.pl/dp/B08BHP37DW,https://www.amazon.nl/dp/B08BHP37DW,https://www.amazon.com.tr/dp/B08BHP37DW,https://www.amazon.co.jp/dp/B08BHP37DW,B08BHP37DW,BP,FNSKU,X002KW3PIB,850004566800,850004566800,850004566800,BP barcode,00850004566800,B08BHP37DW,BP,FNSKU,X001BYLUMT,850004566800,BP barcode,B08BHP37DW,BP-NEW,FNSKU,X001BYLUMT,B08BHP37DW,BP-NEW barcode,B08BHP37DW,FNSKU,X000YA7OOV,850004566800,file,https://docs.google.com/document/d/1JdKlvAabQEvUOgsP-mC7K6GEwbwrIXtzMfcZeh9DK98/edit?usp=sharing,-,-,-,BP,BP,YES,NO,NO,NO,NO,NO,NO,NO,NO,NO,NO,NO,NO,NO
14,Underbed Storage Bags,DIRT,https://www.amazon.com/dp/B08V3S96CW,https://www.amazon.co.uk/dp/B08V3S96CW,https://www.amazon.ca/dp/B08V3S96CW,https://www.amazon.com.mx/dp/B08V3S96CW,https://www.amazon.de/dp/B08V3S96CW,https://www.amazon.it/dp/B08V3S96CW,https://www.amazon.es/dp/B08V3S96CW,https://www.amazon.fr/dp/B08V3S96CW,-,-,-,-,-,B08V3S96CW,UBSB,UPC,B08V3S96CW,850004566893,850004566893,850004566893,UBSB barcode,-,B08V3S96CW,UBSB,UPC,B08V3S96CW,850004566893,UBSB barcode,B08V3S96CW,-,-,-,-,,,,,,,-,-,-,-,UBSB,UBSB,NO,NO,NO,NO,NO,NO,NO,NO,-,-,-,-,-,NO
15,Ergonomic Mouse Pad ,PLATINUM,https://www.amazon.com/dp/B08TPNXDTR,https://www.amazon.co.uk/dp/,https://www.amazon.ca/dp/B08TPNXDTR,https://www.amazon.com.mx/dp/B08TPNXDTR,https://www.amazon.de/dp/,https://www.amazon.it/dp/,https://www.amazon.es/dp/,https://www.amazon.fr/dp/,https://www.amazon.pl/dp/,-,https://www.amazon.nl/dp/,-,-,B08TPNXDTR,EMP,UPC,B08TPNXDTR,850004566862,850004566862,850004566862,EMP-Black barcode,00850004566862,,-,-,-,-,,B08TPNXDTR,-,-,-,-,,,,,,,-,-,-,-,EMP,EMP,NO,NO,NO,NO,NO,NO,NO,NO,NO,NO,NO,NO,NO,NO
16,Insulated Cooler Backpack,PLATINUM,https://www.amazon.com/dp/B08V3YJQ15,https://www.amazon.co.uk/dp/B08V3YJQ15,https://www.amazon.ca/dp/B08V3YJQ15,https://www.amazon.com.mx/dp/B08V3YJQ15,https://www.amazon.de/dp/B08V3YJQ15,https://www.amazon.it/dp/B08V3YJQ15,https://www.amazon.es/dp/B08V3YJQ15,https://www.amazon.fr/dp/B08V3YJQ15,https://www.amazon.pl/dp/B08V3YJQ15,-,https://www.amazon.nl/dp/B08V3YJQ15,-,https://www.amazon.co.jp/dp/B08V3YJQ15,B08V3YJQ15,CB,UPC,B08V3YJQ15,850004566886,850004566886,850004566886,CB barcode,00850004566886,B08V3YJQ15,CB-G,UPC,B08V3YJQ15,850004566886,CB-G barcode,B08V3YJQ15,-,-,-,-,,,,,,,https://docs.google.com/document/d/15E4Yd1CkKF3hXdXG80HTH7Xm9CCz376o16jln7gAdnQ/edit?usp=sharing,-,-,-,CB,CB,YES,NO,NO,NO,NO,NO,NO,NO,NO,-,NO,-,NO,NO
17,Donut Pillow Cushion,PLATINUM,https://www.amazon.com/dp/B092MW72T7,-,https://www.amazon.ca/dp/B092MW72T7,https://www.amazon.com.mx/dp/B092MW72T7,-,-,-,-,-,-,-,-,https://www.amazon.co.jp/dp/B092MW72T7,B092MW72T7,DC,UPC,B092MW72T7,850004566954,850004566954,850004566954,DC barcode,00850004566954,B092MW72T7,-,-,-,-,,B092MW72T7,-,-,-,-,,B092MW72T7,FNSKU,X000Z2F9GD,850004566954,file,https://docs.google.com/document/d/1Lai2XBufk7ePlBhztxk__9BhHrdraDDcuvMsI80G6G4/edit?usp=sharing,https://docs.google.com/document/d/1gCrVEJP0XZbF4ODKgeJHGZ5byNAQGGg6-1f49Vm65yM/edit?usp=sharing,-,-,DC,DC,NO,-,NO,NO,-,-,-,-,-,-,-,-,NO,NO
18,Bed Wedge Pillow,DIRT,https://www.amazon.com/dp/B08ZWPTNVS,-,-,https://www.amazon.com.mx/dp/B08ZWPTNVS,-,-,-,-,-,-,-,-,https://www.amazon.co.jp/dp/B08ZWPTNVS,B08ZWPTNVS,BWP,FNSKU,X002Y7UHAV,850004566947,850004566947,850004566947,BWP barcode,00850004566947,B08ZWPTNVS,-,-,-,-,,B08ZWPTNVS,-,-,-,-,,,,,,,https://docs.google.com/document/d/1A1yC4iUYU_Lvz3czpT_GqV7RYNGKPpnkuvYvdNjEfIE/edit?usp=sharing,https://docs.google.com/document/d/1kG4WNMW5Qo2yJ6hoVD2iFttJsX7KZFbktUnICl3BoHw/edit?usp=sharing,-,-,BWP,BWP,NO,-,-,NO,-,-,-,-,-,-,-,-,NO,NO
19,"Seat Cushion & 
Back Cushion",,https://www.amazon.com/dp/B087YZYND1,-,-,-,-,-,-,-,-,-,-,-,-,B087YZYND1,-,-,-,-,-,-,-,-,-,-,-,-,-,,-,-,-,-,-,,,,,,,-,-,-,-,SC&BC,SC&BC,NO,-,-,-,-,-,-,-,-,-,-,-,-,-
20,"Gel Infused Seat Cushion &
Memory Foam Back Cushion",,https://www.amazon.com/dp/B08B6C32DH,-,-,-,-,-,-,-,-,-,-,-,-,B08B6C32DH,-,-,-,-,-,-,-,-,-,-,-,-,-,,-,-,-,-,-,,,,,,,-,-,-,-,SC GI & BC,SC GI & BC,NO,-,-,-,-,-,-,-,-,-,-,-,-,-
21,"Pillow Protector
King -2 pack",BRONZE,https://www.amazon.com/dp/B01MDRY1M3,-,https://www.amazon.ca/dp/B01MDRY1M3,https://www.amazon.com.mx/dp/B01MDRY1M3,https://www.amazon.de/dp/B01MDRY1M3,https://www.amazon.it/dp/B01MDRY1M3,https://www.amazon.es/dp/B01MDRY1M3,https://www.amazon.fr/dp/B01MDRY1M3,-,-,-,https://www.amazon.com.tr/dp/B01MDRY1M3,https://www.amazon.co.jp/dp/B01MDRY1M3,B01MDRY1M3,ECPP-K,FNSKU,X0018T4WMP,675595199097,675595199097,675595199097,PP-K 2pack,00810062780242,B01MDRY1M3,ECPP-K,FNSKU,X001CXFG3X,675595199097,ECPP-K barcode,B01MDRY1M3,ECPP-K,FNSKU,X001CXFG3X,675595199097,ECPP-K barcode,,,,,,https://docs.google.com/document/d/1kWOFzqCiPX3y6o_o9gGkENWNPk-AAt1JapdhKDRl7Pk/edit?usp=sharing,https://docs.google.com/document/d/19v_-yZqhKEDAgN3UsRCiBeOMeUGhR2I-b1Y3_FF2kZg/edit?usp=sharing,-,-,PP-K,PP,YES,NO,NO,NO,NO,NO,NO,NO,-,-,-,NO,NO,YES
21,"Pillow Protector
Queen -2 pack",BRONZE,https://www.amazon.com/dp/B01MG60G71,https://www.amazon.co.uk/dp/B01MG60G71,https://www.amazon.ca/dp/B01MG60G71,https://www.amazon.com.mx/dp/B01MG60G71,https://www.amazon.de/dp/B01MG60G71,https://www.amazon.it/dp/B01MG60G71,https://www.amazon.es/dp/B01MG60G71,https://www.amazon.fr/dp/B01MG60G71,-,-,-,https://www.amazon.com.tr/dp/B01MG60G71,https://www.amazon.co.jp/dp/B01MG60G71,B01MG60G71,ECPP-Q,FNSKU,X0018RHGBV,675595199080,675595199080,675595199080,PP-Q 2pack,00810062780235,B01MG60G71,ECPP-Q,FNSKU,X001CXFD2R,675595199080,ECPP-Q barcode,B01MG60G71,ECPP-Q,FNSKU,X001CXFD2R,675595199080,ECPP-Q barcode,,,,,,https://docs.google.com/document/d/1ehD80K5HQ4AzcrZI8y3yR6Ue5QgcOVC4m_69eB1j124/edit?usp=sharing,https://docs.google.com/document/d/1EXbAGK-CYBsttdTS2bLse0b4f3jp6bWfh0Zxqu1HZNM/edit?usp=sharing,-,-,PP-Q,PP,YES,NO,NO,NO,NO,NO,NO,NO,-,-,-,NO,NO,
21,"Pillow Protector
Standard -2 pack",BRONZE,https://www.amazon.com/dp/B01M4OR62M,https://www.amazon.co.uk/dp/B01M4OR62M,https://www.amazon.ca/dp/B01M4OR62M,https://www.amazon.com.mx/dp/B01M4OR62M,https://www.amazon.de/dp/B01M4OR62M,https://www.amazon.it/dp/B01M4OR62M,https://www.amazon.es/dp/B01M4OR62M,https://www.amazon.fr/dp/B01M4OR62M,-,-,-,https://www.amazon.com.tr/dp/B01M4OR62M,https://www.amazon.co.jp/dp/B01M4OR62M,B01M4OR62M,ECPP-S,FNSKU,X0018UG9E3,675595199073,675595199073,675595199073,PP-S 2pack,00810062780228,B01M4OR62M,ECPP-S,FNSKU,X0010A4ZIF,675595199073,ECPP-S barcode,B01M4OR62M,ECPP-S,FNSKU,X0010A4ZIF,675595199073,ECPP-S barcode,,,,,,https://docs.google.com/document/d/1ehD80K5HQ4AzcrZI8y3yR6Ue5QgcOVC4m_69eB1j124/edit?usp=sharing,https://docs.google.com/document/d/1EXbAGK-CYBsttdTS2bLse0b4f3jp6bWfh0Zxqu1HZNM/edit?usp=sharing,-,-,PP-S,PP,YES,NO,NO,NO,NO,NO,NO,NO,-,-,-,NO,NO,
21,"Pillow Protector
King -4 pack",BRONZE,https://www.amazon.com/dp/B07QMVGWQN,https://www.amazon.co.uk/dp/B07QMVGWQN,-,https://www.amazon.com.mx/dp/B07QMVGWQN,https://www.amazon.de/dp/B07QMVGWQN,https://www.amazon.it/dp/B07QMVGWQN,https://www.amazon.es/dp/B07QMVGWQN,https://www.amazon.fr/dp/B07QMVGWQN,-,-,-,https://www.amazon.com.tr/dp/B07QMVGWQN,https://www.amazon.co.jp/dp/B07QMVGWQN,B07QMVGWQN,PP-K4,FNSKU,X0024D9A8P,810062780006,810062780006,810062780006,PP-K 4pack,00810062780006,B07QMVGWQN,PP-K4,FNSKU,X001CXFG65,810062780006,PP-K4 barcode,B07QMVGWQN,PP-K4,FNSKU,X001CXFG65,810062780006,PP-K4 barcode,,,,,,https://docs.google.com/document/d/1ehD80K5HQ4AzcrZI8y3yR6Ue5QgcOVC4m_69eB1j124/edit?usp=sharing,https://docs.google.com/document/d/1EXbAGK-CYBsttdTS2bLse0b4f3jp6bWfh0Zxqu1HZNM/edit?usp=sharing,-,-,PP-K4,PP,YES,NO,NO,NO,NO,NO,NO,NO,-,-,-,NO,NO,
21,"Pillow Protector
Queen -4 pack",BRONZE,https://www.amazon.com/dp/B07QR24QSJ,https://www.amazon.co.uk/dp/B07QR24QSJ,-,-,https://www.amazon.de/dp/B07QR24QSJ,https://www.amazon.it/dp/B07QR24QSJ,https://www.amazon.es/dp/B07QR24QSJ,https://www.amazon.fr/dp/B07QR24QSJ,-,-,-,https://www.amazon.com.tr/dp/B07QR24QSJ,https://www.amazon.co.jp/dp/B07QR24QSJ,B07QR24QSJ,PP-Q4,FNSKU,X0024F4GT1,850004566145,850004566145,850004566145,PP-Q 4pack,00810062781058,B07QR24QSJ,PP-Q4,FNSKU,X001CXC83T,850004566145,PP-Q4 barcode,B07QR24QSJ,PP-Q4,FNSKU,X001CXC83T,850004566145,PP-Q4 barcode,,,,,,https://docs.google.com/document/d/1ehD80K5HQ4AzcrZI8y3yR6Ue5QgcOVC4m_69eB1j124/edit?usp=sharing,https://docs.google.com/document/d/1EXbAGK-CYBsttdTS2bLse0b4f3jp6bWfh0Zxqu1HZNM/edit?usp=sharing,-,-,PP-Q4,PP,YES,NO,NO,NO,NO,NO,NO,NO,-,-,-,NO,NO,
21,"Pillow Protector
Standard -4 pack",BRONZE,https://www.amazon.com/dp/B07QR1SSBP,https://www.amazon.co.uk/dp/B07QR1SSBP,-,https://www.amazon.com.mx/dp/B07QR1SSBP,https://www.amazon.de/dp/B07QR1SSBP,https://www.amazon.it/dp/B07QR1SSBP,https://www.amazon.es/dp/B07QR1SSBP,https://www.amazon.fr/dp/B07QR1SSBP,-,-,-,https://www.amazon.com.tr/dp/B07QR1SSBP,https://www.amazon.co.jp/dp/B07QR1SSBP,B07QR1SSBP,PP-S4,FNSKU,X0024E347H,850004566138,850004566138,850004566138,PP-S 4pack,00810062781065,B07QR1SSBP,PP-S4,FNSKU,X001CXFE71,850004566138,PP-S4 barcode,B07QR1SSBP,PP-S4,FNSKU,X001CXFE71,850004566138,PP-S4 barcode,,,,,,https://docs.google.com/document/d/1ehD80K5HQ4AzcrZI8y3yR6Ue5QgcOVC4m_69eB1j124/edit?usp=sharing,https://docs.google.com/document/d/1EXbAGK-CYBsttdTS2bLse0b4f3jp6bWfh0Zxqu1HZNM/edit?usp=sharing,-,-,PP-S4,PP,YES,NO,NO,NO,NO,NO,NO,NO,-,-,-,NO,NO,
22,"Mattress Protector
Twin (US/CA/SG/MX)",BRONZE,https://www.amazon.com/dp/B074V5MQQK,-,https://www.amazon.ca/dp/B074V5MQQK,https://www.amazon.com.mx/dp/B074V5MQQK,-,-,-,-,-,-,-,-,https://www.amazon.co.jp/dp/B074V5MQQK,B074V5MQQK,EC-MPT,FNSKU,X001JGJOK7,046728408346,046728408346,046728408346,MP-T barcode,00810062780464,-,-,,-,-,,-,-,-,-,-,-,,,,,,https://docs.google.com/document/d/1crPDt5wWmaoByHw9VIfqNsAP9oqgIKdpeEIUbdpfM0I/edit?usp=sharing,https://docs.google.com/document/d/1ErnMqFSyQMVP7IshULD8QV-RP2ISjC6aAy4Nt7NlCeQ/edit?usp=sharing,-,-,MP-T,MP,YES,YES,NO,NO,NO,NO,NO,NO,NO,NO,NO,NO,NO,YES
22,"Mattress Protector
Twin XL (US/CA/SG/MX)",BRONZE,https://www.amazon.com/dp/B074V4DPW8,-,https://www.amazon.ca/dp/B074V4DPW8,https://www.amazon.com.mx/dp/B074V4DPW8,-,-,-,-,-,-,-,-,https://www.amazon.co.jp/dp/B074V4DPW8,B074V4DPW8,EC-MPTXL,FNSKU,X001JGXU25,046728408353,046728408353,046728408353,MP-TXL barcode,00810062780471,-,-,,-,-,,-,-,-,-,-,-,,,,,,https://docs.google.com/document/d/1Rb7aqMbtGSJGW1-5kfCkVxHB2-o8X1tUI0VO-OJ8xQc/edit?usp=sharing,https://docs.google.com/document/d/1p091LvlA_u4aH8XDxDpPDVr8TOGfHAaCytX38IfyBsI/edit?usp=sharing,-,-,MP-TXL,MP,YES,YES,NO,NO,NO,NO,NO,NO,NO,NO,NO,NO,NO,
22,"Mattress Protector
Full (US/CA/SG/MX)",BRONZE,https://www.amazon.com/dp/B074V4XHDL,-,https://www.amazon.ca/dp/B074V4XHDL,https://www.amazon.com.mx/dp/B074V4XHDL,-,-,-,-,-,-,-,-,https://www.amazon.co.jp/dp/B074V4XHDL,B074V4XHDL,EC-MPF,FNSKU,X001JGWXMN,046728408360,046728408360,046728408360,MP-F barcode,00810062780488,-,-,,-,-,,-,-,-,-,-,-,,,,,,https://docs.google.com/document/d/1Rb7aqMbtGSJGW1-5kfCkVxHB2-o8X1tUI0VO-OJ8xQc/edit?usp=sharing,https://docs.google.com/document/d/1p091LvlA_u4aH8XDxDpPDVr8TOGfHAaCytX38IfyBsI/edit?usp=sharing,-,-,MP-F,MP,YES,YES,NO,NO,NO,NO,NO,NO,NO,NO,NO,NO,NO,
22,"Mattress Protector
Queen (US/CA/SG/MX)",BRONZE,https://www.amazon.com/dp/B074V2VCV2,-,https://www.amazon.ca/dp/B074V2VCV2,https://www.amazon.com.mx/dp/B074V2VCV2,-,-,-,-,-,-,-,-,https://www.amazon.co.jp/dp/B074V2VCV2,B074V2VCV2,EC-MPQ,FNSKU,X001JGJM2H,046728408377,046728408377,046728408377,MP-Q barcode,00810062780495,-,-,,-,-,,-,-,-,-,-,-,,,,,,https://docs.google.com/document/d/1Rb7aqMbtGSJGW1-5kfCkVxHB2-o8X1tUI0VO-OJ8xQc/edit?usp=sharing,https://docs.google.com/document/d/1p091LvlA_u4aH8XDxDpPDVr8TOGfHAaCytX38IfyBsI/edit?usp=sharing,-,-,MP-Q,MP,YES,YES,NO,NO,NO,NO,NO,NO,NO,NO,NO,NO,NO,
22,"Mattress Protector
King (US/CA/SG/MX)",BRONZE,https://www.amazon.com/dp/B074V49LPM,-,https://www.amazon.ca/dp/B074V49LPM,https://www.amazon.com.mx/dp/B074V49LPM,-,-,-,-,-,-,-,-,https://www.amazon.co.jp/dp/B074V49LPM,B074V49LPM,EC-MPK,FNSKU,X001JGXRDR,046728408384,046728408384,046728408384,MP-K barcode,00810062780501,-,-,,-,-,,-,-,-,-,-,-,,,,,,https://docs.google.com/document/d/1Rb7aqMbtGSJGW1-5kfCkVxHB2-o8X1tUI0VO-OJ8xQc/edit?usp=sharing,https://docs.google.com/document/d/1p091LvlA_u4aH8XDxDpPDVr8TOGfHAaCytX38IfyBsI/edit?usp=sharing,-,-,MP-K,MP,YES,YES,NO,NO,NO,NO,NO,NO,NO,NO,NO,NO,NO,
22,"Mattress Protector
California King (US/CA/SG/MX)",BRONZE,https://www.amazon.com/dp/B074V49ZXL,-,https://www.amazon.ca/dp/B074V49ZXL,https://www.amazon.com.mx/dp/B074V49ZXL,-,-,-,-,-,-,-,-,https://www.amazon.co.jp/dp/B074V49ZXL,B074V49ZXL,EC-MPCK,FNSKU,X001JGWXMD,046728408391,046728408391,046728408391,MP-CK barcode,00810062780518,-,-,,-,-,,-,-,-,-,-,-,,,,,,https://docs.google.com/document/d/1Rb7aqMbtGSJGW1-5kfCkVxHB2-o8X1tUI0VO-OJ8xQc/edit?usp=sharing,https://docs.google.com/document/d/1p091LvlA_u4aH8XDxDpPDVr8TOGfHAaCytX38IfyBsI/edit?usp=sharing,-,-,MP-CK,MP,YES,YES,NO,NO,NO,NO,NO,NO,NO,NO,NO,NO,NO,
22,"Mattress Protector 
Single (UK)",,-,,-,-,https://www.amazon.de/dp/B07SW1H82G,https://www.amazon.it/dp/B07SW1H82G,https://www.amazon.es/dp/B07SW1H82G,https://www.amazon.fr/dp/B07SW1H82G,https://www.amazon.pl/dp/B07SW1H82G,https://www.amazon.pl/dp/B07SW1H82G,https://www.amazon.nl/dp/B07SW1H82G,https://www.amazon.com.tr/dp/B07SW1H82G,-,-,-,-,-,-,-,-,-,-,B07SW1H82G,MP-S-UK,FNSKU,X0011ADKI5,850004566152,MP-S-UK barcode,B07SW1H82G,MP-S-UK,FNSKU,X0011ADKI5,850004566152,MP-S-UK barcode,,,,,,-,-,https://docs.google.com/document/d/1YtLVmUS3CcV3lO5Zo9mf5rGWkgvuQOKdIBNVBLdFYpc/edit?usp=sharing,-,MP-S,MP,YES,YES,NO,NO,NO,NO,NO,NO,NO,NO,NO,NO,NO,
22,"Mattress Protector 
Double (UK)",,-,https://www.amazon.co.uk/dp/B07SRW3959,-,-,https://www.amazon.de/dp/B07SRW3959,https://www.amazon.it/dp/B07SRW3959,https://www.amazon.es/dp/B07SRW3959,https://www.amazon.fr/dp/B07SRW3959,https://www.amazon.pl/dp/B07SRW3959,https://www.amazon.pl/dp/B07SRW3959,https://www.amazon.nl/dp/B07SRW3959,https://www.amazon.com.tr/dp/B07SRW3959,-,-,-,-,-,-,-,-,-,-,B07SRW3959,MP-D-UK,FNSKU,X0011BS47L,850004566169,MP-D-UK barcode,B07SRW3959,MP-D-UK,FNSKU,X0011BS47L,850004566169,MP-D-UK barcode,,,,,,-,-,https://docs.google.com/document/d/1pxk6b3oQLHAXz1LHffGzNnLHh_5WOQhJdCAjnLmsSQk/edit?usp=sharing,-,MP-D,MP,YES,YES,NO,NO,NO,NO,NO,NO,NO,NO,NO,NO,NO,
22,"Mattress Protector 
King (UK)",,-,https://www.amazon.co.uk/dp/B07SW1JMRK,-,-,https://www.amazon.de/dp/B07SW1JMRK,https://www.amazon.it/dp/B07SW1JMRK,https://www.amazon.es/dp/B07SW1JMRK,https://www.amazon.fr/dp/B07SW1JMRK,https://www.amazon.pl/dp/B07SW1JMRK,https://www.amazon.pl/dp/B07SW1JMRK,https://www.amazon.nl/dp/B07SW1JMRK,https://www.amazon.com.tr/dp/B07SW1JMRK,-,-,-,-,-,-,-,-,-,-,B07SW1JMRK,MP-K-UK,FNSKU,X00119BBRN,850004566176,MP-K-UK barcode,B07SW1JMRK,MP-K-UK,FNSKU,X00119BBRN,850004566176,MP-K-UK barcode,,,,,,-,-,https://docs.google.com/document/d/1pxk6b3oQLHAXz1LHffGzNnLHh_5WOQhJdCAjnLmsSQk/edit?usp=sharing,-,MP-K,MP,YES,YES,NO,NO,NO,NO,NO,NO,NO,NO,NO,NO,NO,
22,"Mattress Protector 
Super King (UK)",,-,https://www.amazon.co.uk/dp/B07SRW26Z3,-,-,https://www.amazon.de/dp/B07SRW26Z3,https://www.amazon.it/dp/B07SRW26Z3,https://www.amazon.es/dp/B07SRW26Z3,https://www.amazon.fr/dp/B07SRW26Z3,https://www.amazon.pl/dp/B07SRW26Z3,https://www.amazon.pl/dp/B07SRW26Z3,https://www.amazon.nl/dp/B07SRW26Z3,https://www.amazon.com.tr/dp/B07SRW26Z3,-,-,-,-,-,-,-,-,-,-,B07SRW26Z3,MP- SP-UK,FNSKU,X0011DDDB1,850004566183,MP- SP-UK barcode,B07SRW26Z3,MP- SP-UK,FNSKU,X0011DDDB1,850004566183,MP- SP-UK barcode,,,,,,-,-,https://docs.google.com/document/d/1pxk6b3oQLHAXz1LHffGzNnLHh_5WOQhJdCAjnLmsSQk/edit?usp=sharing,-,MP-CK,MP,YES,YES,NO,NO,NO,NO,NO,NO,NO,NO,NO,NO,NO,
23,Airplane Footrest,BRONZE,https://www.amazon.com/dp/B086TXRD3C,https://www.amazon.co.uk/dp/B086TXRD3C,https://www.amazon.ca/dp/B086TXRD3C,https://www.amazon.com.mx/dp/B086TXRD3C,https://www.amazon.de/dp/B086TXRD3C,https://www.amazon.it/dp/B086TXRD3C,https://www.amazon.es/dp/B086TXRD3C,https://www.amazon.fr/dp/B086TXRD3C,https://www.amazon.pl/dp/B086TXRD3C,https://www.amazon.pl/dp/B086TXRD3C,https://www.amazon.nl/dp/B086TXRD3C,-,https://www.amazon.co.jp/dp/B086TXRD3C,B086TXRD3C,AFR,FNSKU,X002I4AOFD,850004566756,850004566756,850004566756,AFR barcode,00810062780976,B086TXRD3C,AFR,FNSKU,X0017ELTPV,850004566756,AFR barcode,B086TXRD3C,AFR,FNSKU,X0017ELTPV,850004566756,AFR barcode,,,,,,https://docs.google.com/document/d/1VG2gM6nYRtxVQlU-pPXhtUtA94fPtQwQ-2eUgeW9HyE/edit?usp=sharing,-,-,-,AFR,AFR,YES,NO,NO,NO,NO,NO,NO,NO,NO,NO,NO,-,NO,NO
24,Neck Pillow (Black),DIRT,https://www.amazon.com/dp/B06WWFYCSG,https://www.amazon.co.uk/dp/B06WWFYCSG,https://www.amazon.ca/dp/B06WWFYCSG,https://www.amazon.com.mx/dp/B06WWFYCSG,https://www.amazon.de/dp/B06WWFYCSG,https://www.amazon.it/dp/B06WWFYCSG,https://www.amazon.es/dp/B06WWFYCSG,https://www.amazon.fr/dp/B06WWFYCSG,https://www.amazon.pl/dp/B06WWFYCSG,https://www.amazon.pl/dp/B06WWFYCSG,https://www.amazon.nl/dp/B06WWFYCSG,https://www.amazon.com.tr/dp/B06WWFYCSG,https://www.amazon.co.jp/dp/B06WWFYCSG,B06WWFYCSG,EC-NPB,FNSKU,X001C9VM0V,046728408407,046728408407,046728408407,NP-Black barcode,-,B06WWFYCSG,EC-NP-UK,FNSKU,X000QPGJ6L,046728408407,EC-NP-UK barcode,B06WWFYCSG,EC-NP-UK,FNSKU,X000QPGJ6L,046728408407,EC-NP-UK barcode,,,,,,https://docs.google.com/document/d/1_2YEc_4n2WBCV3SzR2HOCVnMtHiWvI4ZqrfoCzPS8Ds/edit?usp=sharing,https://docs.google.com/document/d/1YaIVmB9n3cc0ZKfiPN4orWY2pPc9VL5pbuDbkZ-soyo/edit?usp=sharing,https://docs.google.com/document/d/1zHQ5w7Zw0ArZMnCMMugkXPaPxO0UJUrSaYtCYwCNjMg/edit?usp=sharing,-,NP-B,NP,YES,YES,NO,NO,NO,NO,NO,NO,-,-,-,-,NO,YES
24,Neck Pillow (Blue),DIRT,https://www.amazon.com/dp/B07TCCZ3H3,-,-,https://www.amazon.com.mx/dp/B07TCCZ3H3,-,https://www.amazon.it/dp/B07TCCZ3H3,https://www.amazon.es/dp/B07TCCZ3H3,https://www.amazon.fr/dp/B07TCCZ3H3,-,-,-,-,https://www.amazon.co.jp/dp/B07TCCZ3H3,B07TCCZ3H3,NP-BL,FNSKU,X0027UD9DH,850004566251,850004566251,850004566251,NP-Blue barcode,-,B07TCCZ3H3,NP-BL,FNSKU,X001CXIJ5Z,0850004566251,NP-BL barcode,B07TCCZ3H3,NP-BL,FNSKU,X001CXIJ5Z,0850004566251,NP-BL barcode,,,,,,https://docs.google.com/document/d/1yjEM43632O9_JD9y8gq9LxVomwPqPwkzHQEzR83rL7g/edit?usp=sharing,https://docs.google.com/document/d/1QX6lnG3QU_j7yq7VA54kS6CBNnvJnbsre8yA0bUATgc/edit?usp=sharing,https://docs.google.com/document/d/11sd3nLIodocFUgrdvsdDeNR86kqi4cAIvL0DmQpD-n4/edit?usp=sharing,-,NP-BL,NP,YES,YES,NO,NO,NO,NO,NO,NO,-,-,-,-,NO,
24,Neck Pillow (Red),DIRT,https://www.amazon.com/dp/B07T99PNQ3,-,-,https://www.amazon.com.mx/dp/B07T99PNQ3,-,https://www.amazon.it/dp/B07T99PNQ3,https://www.amazon.es/dp/B07T99PNQ3,https://www.amazon.fr/dp/B07T99PNQ3,-,-,-,-,https://www.amazon.co.jp/dp/B07T99PNQ3,B07T99PNQ3,NP-R,FNSKU,X0027UD6SF,"850004566268
","850004566268
","850004566268
",NP-Red barcode,-,B07T99PNQ3,NP-R,FNSKU,X001CXIJN7,0850004566268,NP-R barcode,B07T99PNQ3,NP-R,FNSKU,X001CXIJN7,0850004566268,NP-R barcode,,,,,,https://docs.google.com/document/d/1yjEM43632O9_JD9y8gq9LxVomwPqPwkzHQEzR83rL7g/edit?usp=sharing,https://docs.google.com/document/d/1QX6lnG3QU_j7yq7VA54kS6CBNnvJnbsre8yA0bUATgc/edit?usp=sharing,https://docs.google.com/document/d/11sd3nLIodocFUgrdvsdDeNR86kqi4cAIvL0DmQpD-n4/edit?usp=sharing,-,NP-R,NP,YES,YES,NO,NO,NO,NO,NO,NO,-,-,-,-,NO,
24,Neck Pillow (Navy Blue),DIRT,https://www.amazon.com/dp/B07T99PNS4,-,-,https://www.amazon.com.mx/dp/B07T99PNS4,-,https://www.amazon.it/dp/B07T99PNS4,https://www.amazon.es/dp/B07T99PNS4,https://www.amazon.fr/dp/B07T99PNS4,-,-,-,-,https://www.amazon.co.jp/dp/B07T99PNS4,B07T99PNS4,NP-NB,FNSKU,X0027X97XP,850004566244,850004566244,850004566244,NP-Navy Blue barcode,-,B07T99PNS4,NP-NB,FNSKU,X001CXLLIH,0850004566244,NP-NB barcode,B07T99PNS4,NP-NB,FNSKU,X001CXLLIH,0850004566244,NP-NB barcode,,,,,,https://docs.google.com/document/d/1yjEM43632O9_JD9y8gq9LxVomwPqPwkzHQEzR83rL7g/edit?usp=sharing,https://docs.google.com/document/d/1QX6lnG3QU_j7yq7VA54kS6CBNnvJnbsre8yA0bUATgc/edit?usp=sharing,https://docs.google.com/document/d/11sd3nLIodocFUgrdvsdDeNR86kqi4cAIvL0DmQpD-n4/edit?usp=sharing,-,NP-NB,NP,YES,YES,NO,NO,NO,NO,NO,NO,-,-,-,-,NO,
24,Neck Pillow (Gray),DIRT,https://www.amazon.com/dp/B07VGVPY8K,-,https://www.amazon.ca/dp/B07VGVPY8K,https://www.amazon.com.mx/dp/B07VGVPY8K,-,https://www.amazon.it/dp/B07VGVPY8K,https://www.amazon.es/dp/B07VGVPY8K,https://www.amazon.fr/dp/B07VGVPY8K,-,-,-,-,https://www.amazon.co.jp/dp/B07VGVPY8K,B07VGVPY8K,NP-G,FNSKU,X0029386KN,850004566312,850004566312,850004566312,NP-Gray barcode,-,B07VGVPY8K,NP-G,FNSKU,X001CXK9KD,0850004566312,NP-G barcode,B07VGVPY8K,NP-G,FNSKU,X001CXK9KD,0850004566312,NP-G barcode,,,,,,https://docs.google.com/document/d/1yjEM43632O9_JD9y8gq9LxVomwPqPwkzHQEzR83rL7g/edit?usp=sharing,https://docs.google.com/document/d/1QX6lnG3QU_j7yq7VA54kS6CBNnvJnbsre8yA0bUATgc/edit?usp=sharing,https://docs.google.com/document/d/11sd3nLIodocFUgrdvsdDeNR86kqi4cAIvL0DmQpD-n4/edit?usp=sharing,-,NP-G,NP,YES,YES,NO,NO,NO,NO,NO,NO,-,-,-,-,NO,
25,Neck Pillow Gel Infused ,DIRT,https://www.amazon.com/dp/B07JN8XJ7Q,-,https://www.amazon.ca/dp/B07JN8XJ7Q,https://www.amazon.com.mx/dp/B07JN8XJ7Q,-,https://www.amazon.it/dp/B07JN8XJ7Q,https://www.amazon.es/dp/B07JN8XJ7Q,https://www.amazon.fr/dp/B07JN8XJ7Q,-,-,-,https://www.amazon.com.tr/dp/B07JN8XJ7Q,https://www.amazon.co.jp/dp/B07JN8XJ7Q,B07JN8XJ7Q,NP-GI,FNSKU,X001XNTX25,860336002594,860336002594,860336002594,NP-Gel barcode,-,B07JN8XJ7Q,860336002594,FNSKU,X001D1YEPF,860336002594,860336002594 barcode,B07JN8XJ7Q,NP-GI,FNSKU,X001CXC05F,860336002594,NP-GI barcode,,,,,,https://docs.google.com/document/d/1LUzdIchkx2YF1zU4CI3P6xj7Y5NYVF_xvdgqDmH2z4U/edit?usp=sharing,https://docs.google.com/document/d/1mYXmfMatuNi8h2Kvx2-a8iQwXE-q_ORJL57HCz9jokU/edit?usp=sharing,https://docs.google.com/document/d/1KhHONJQSbDjMDx_KfrBh41YliHI5W381EiWhPng4pOQ/edit?usp=sharing,-,NP-GI,NP-GI,YES,-,NO,NO,NO,NO,NO,NO,-,-,-,NO,NO,NO
26,Everlasting Comfort Sleep Mask Travel Kit,,-,-,-,-,-,-,-,-,-,-,-,-,-,-,-,-,-,-,-,-,-,,-,-,-,-,-,,-,-,-,-,-,,,,,,,-,-,-,-,SM,SM,-,-,-,-,-,-,-,-,-,-,-,-,-,-
27,"Seat Cushion & 
Foot Rest Pillow",,https://www.amazon.com/dp/B0882QS8KR,-,-,-,-,-,-,-,-,-,-,-,-,B0882QS8KR,SC-FRP-BDL,-,-,-,-,-,-,-,-,-,-,-,-,,-,-,-,-,-,,,,,,,-,-,-,-,SC&FRP,SC&FRP,NO,-,-,-,-,-,-,-,-,-,-,-,-,NO
28,Seat Cushion & Back Cushion & Wedge Cushion,,https://www.amazon.com/dp/B08B8QVXKK,-,-,-,-,-,-,-,-,-,-,-,-,B08B8QVXKK,WC-BC-SC-BDL,-,-,-,-,-,-,-,-,-,-,-,-,,-,-,-,-,-,,,,,,,-,-,-,-,SC&BC&WC,SC&BC&WC,NO,-,-,-,-,-,-,-,-,-,-,-,-,NO
29,"Back Cushion&
Wedge Cushion",,https://www.amazon.com/dp/B08B6F2DXJ,-,-,-,-,-,-,-,-,-,-,-,-,B08B6F2DXJ,WC-BC-BDL,-,-,-,-,-,-,-,-,-,-,-,-,,-,-,-,-,-,,,,,,,-,-,-,-,BC&WC,BC&WC,NO,-,-,-,-,-,-,-,-,-,-,-,-,NO
30,"Back Cushion & 
Knee, Foot Rest Pillows",,https://www.amazon.com/dp/B08B8SHRCN,-,-,-,-,-,-,-,-,-,-,-,-,B08B8SHRCN,KP-BC-FRP-BDL,-,-,-,-,-,-,-,-,-,-,-,-,,-,-,-,-,-,,,,,,,-,-,-,-,BC&KP&FRP,BC&KP&FRP,NO,-,-,-,-,-,-,-,-,-,-,-,-,NO
31,Back Cushion & Seat Cushion Gel Infused,BRONZE,https://www.amazon.com/dp/B07JQ2V33Q,https://www.amazon.co.uk/dp/B07JQ2V33Q,https://www.amazon.ca/dp/B07JQ2V33Q,https://www.amazon.com.mx/dp/B07JQ2V33Q,https://www.amazon.de/dp/B07JQ2V33Q,https://www.amazon.it/dp/B07JQ2V33Q,https://www.amazon.es/dp/B07JQ2V33Q,https://www.amazon.fr/dp/B07JQ2V33Q,https://www.amazon.pl/dp/B07JQ2V33Q,https://www.amazon.pl/dp/B07JQ2V33Q,https://www.amazon.nl/dp/B07JQ2V33Q,https://www.amazon.com.tr/dp/B07JQ2V33Q,https://www.amazon.co.jp/dp/B07JQ2V33Q,B07JQ2V33Q,SCBC,FNSKU,X001XO6RZF,860336002549,860336002549,860336002549,SCBC barcode,-,B07JQ2V33Q,SCBC,FNSKU,X0016MRVYH,860336002549,SCBC barcode,B07JQ2V33Q,SCBC,FNSKU,X0016MRVYH,860336002549,SCBC barcode,,,,,,-,-,-,-,SCBC,SCBC,YES,YES,NO,NO,NO,NO,NO,NO,NO,NO,NO,NO,NO,YES
32,Seat Cushion&Back Cushion&Foot Rest Pillow,,https://www.amazon.com/dp/B08B8RGGHH,-,-,-,-,-,-,-,-,-,-,-,-,B08B8RGGHH,SC-BC-FRP-BDL,-,-,-,-,-,-,-,-,-,-,-,-,,-,-,-,-,-,,,,,,,-,-,-,-,SC&BC&FRP,SC&BC&FRP,NO,-,-,-,-,-,-,-,-,-,-,-,-,NO
33,"Back Cushion & 
Foot Rest Pillow",,https://www.amazon.com/dp/B0882Z4MK9,-,-,-,-,-,-,-,-,-,-,-,-,B0882Z4MK9,BC-FRP-BDL,-,-,-,-,-,-,-,-,-,-,-,-,,-,-,-,-,-,,,,,,,-,-,-,-,BC&FRP,BC&FRP,NO,-,-,-,-,-,-,-,-,-,-,-,-,NO
34,Gel Infused Seat Cushion&Back Cushion&Foot Rest Pillow,,https://www.amazon.com/dp/B08B8QMF8T,-,-,-,-,-,-,-,-,-,-,-,-,B08B8QMF8T,SCGI-BC-FRP-BDL,-,-,-,-,-,-,-,-,-,-,-,-,,-,-,-,-,-,,,,,,,-,-,-,-,SC-GI&BC&FRP,SC-GI&BC&FRP,NO,-,-,-,-,-,-,-,-,-,-,-,-,NO
35,"Back Cushion&
Half Moon Pillow",,https://www.amazon.com/dp/B08B8PDDCS,-,-,-,-,-,-,-,-,-,-,-,-,B08B8PDDCS,HMP-BC-BDL,-,-,-,-,-,-,-,-,-,-,-,-,,-,-,-,-,-,,,,,,,-,-,-,-,BC&HMP,BC&HMP,NO,-,-,-,-,-,-,-,-,-,-,-,-,NO
36,Back Cushion&Knee Pillow,,https://www.amazon.com/dp/B08B8MF9Y6,-,-,-,-,-,-,-,-,-,-,-,-,B08B8MF9Y6,KP-BC-BDL,-,-,-,-,-,-,-,-,-,-,-,-,,-,-,-,-,-,,,,,,,-,-,-,-,BC&KP,BC&KP,NO,-,-,-,-,-,-,-,-,-,-,-,-,NO
37,"Oil Diffuser&
LumiLux Toilet Light",,https://www.amazon.com/dp/B0887VJZPW,-,-,-,-,-,-,-,-,-,-,-,-,B0887VJZPW,"	
ODD-TL-BDL",-,-,-,-,-,-,-,-,-,-,-,-,,-,-,-,-,-,,,,,,,-,-,-,-,OD&LTL,OD&LTL,NO,-,-,-,-,-,-,-,-,-,-,-,-,NO
38,Back Cushion&Knee Pillow&Half Moon Pillow,,https://www.amazon.com/dp/B08B8R2KWX,-,-,-,-,-,-,-,-,-,-,-,-,B08B8R2KWX,KP-BC-HMP-BDL,-,-,-,-,-,-,-,-,-,-,-,-,,-,-,-,-,-,,,,,,,-,-,-,-,BC&KP&HMP,BC&KP&HMP,NO,-,-,-,-,-,-,-,-,-,-,-,-,NO
39,Back Cushion&Knee Pillow&Seat Cushion,,https://www.amazon.com/dp/B08B8T3SRB,-,-,-,-,-,-,-,-,-,-,-,-,B08B8T3SRB,KP-BC-SC-BDL,-,-,-,-,-,-,-,-,-,-,-,-,,-,-,-,-,-,,,,,,,-,-,-,-,BC&KP&SC,BC&KP&SC,NO,-,-,-,-,-,-,-,-,-,-,-,-,NO
40,Boot Dryer Warmer (2 pair),PLATINUM,https://www.amazon.com/dp/B08V3L68YN,-,-,-,-,-,-,-,-,-,-,-,-,B08V3L68YN,BD,UPC,B08V3L68YN,850004566909,850004566909,850004566909,BD-2pair barcode,-,-,-,-,-,-,,-,-,-,-,-,,,,,,,-,-,-,-,BD,BD,NO,-,-,-,-,-,-,-,-,-,-,-,-,NO
41,Automatic Soap Dispenser,PLATINUM,https://www.amazon.com/dp/B0851V4Z6Z,https://www.amazon.co.uk/dp/B0851V4Z6Z,https://www.amazon.ca/dp/B0851V4Z6Z,https://www.amazon.com.mx/dp/B0851V4Z6Z,https://www.amazon.de/dp/B0851V4Z6Z,https://www.amazon.it/dp/B0851V4Z6Z,https://www.amazon.es/dp/B0851V4Z6Z,https://www.amazon.fr/dp/B0851V4Z6Z,-,-,-,-,https://www.amazon.co.jp/dp/B0851V4Z6Z,B0851V4Z6Z,TSD-S,FNSKU,X002GZGR4B,850004566602,850004566602,850004566602,TSD-Silver barcode,00850004566602,B0851V4Z6Z,TSD-S,UPC,-,850004566602,TSD-S barcode,B0851V4Z6Z,TSD-S,UPC,B0851V4Z6Z,0850004566602,TSD-S barcode,,,,,,-,-,-,-,TSD,TSD,YES,NO,-,NO,NO,NO,NO,NO,-,-,-,-,NO,NO
42,"Ultrasonic Humidifier (6L), White",PLATINUM,https://www.amazon.com/dp/B074MP9DK2,https://www.amazon.co.uk/dp/B074MP9DK2,https://www.amazon.ca/dp/B074MP9DK2,-,-,https://www.amazon.it/dp/B074MP9DK2,https://www.amazon.es/dp/B074MP9DK2,https://www.amazon.fr/dp/B074MP9DK2,-,-,-,https://www.amazon.com.tr/dp/B074MP9DK2,https://www.amazon.co.jp/dp/B074MP9DK2,B074MP9DK2,6W-ZAVK-G48U,FNSKU,X001J7KIEH,046728408308,046728408308,046728408308,HUM-White barcode,00810062780426,B074MP9DK2,6W-ZAVK-G48U,FNSKU,X001CWR7TF,046728408308,6W-ZAVK-G48U barcode,B074MP9DK2,6W-ZAVK-G48U,FNSKU,X001CWR7TF,046728408308,6W-ZAVK-G48U barcode,,,,,,-,-,-,-,HUM-W,HUM (6L),YES,-,NO,-,NO,NO,NO,NO,-,-,-,NO,NO,YES
42,"Ultrasonic Humidifier (6L), Black",PLATINUM,https://www.amazon.com/dp/B077Z2QCS5,https://www.amazon.co.uk/dp/B077Z2QCS5,https://www.amazon.ca/dp/B077Z2QCS5,-,-,https://www.amazon.it/dp/B077Z2QCS5,https://www.amazon.es/dp/B077Z2QCS5,https://www.amazon.fr/dp/B077Z2QCS5,-,-,-,https://www.amazon.com.tr/dp/B077Z2QCS5,-,B077Z2QCS5,EH-Black,FNSKU,"
X001NCZ073",046728408445,046728408445,046728408445,HUM-Black barcode,00810062780532,B077Z2QCS5,EH-Black,FNSKU,X001CXK86N,046728408445,EH-Black barcode,B077Z2QCS5,EH-Black,FNSKU,X001CXK86N,046728408445,EH-Black barcode,,,,,,-,-,-,-,HUM-B,,YES,-,NO,-,NO,NO,NO,NO,-,-,-,NO,-,YES
43,Ultrasonic Humidifier (4L),PLATINUM,https://www.amazon.com/dp/B08431MG7M,https://www.amazon.co.uk/dp/B08431MG7M,https://www.amazon.ca/dp/B08431MG7M,https://www.amazon.com.mx/dp/B08431MG7M,https://www.amazon.de/dp/B08431MG7M,https://www.amazon.it/dp/B08431MG7M,https://www.amazon.es/dp/B08431MG7M,https://www.amazon.fr/dp/B08431MG7M,-,-,-,-,https://www.amazon.co.jp/dp/B08431MG7M,B08431MG7M,S-Hum,FNSKU,X002G186XF,850004566329,850004566329,850004566329,S-Hum barcode,00810062780945,B08431MG7M,S-Hum,FNSKU,-,-,-,B08431MG7M,S-Hum,FNSKU,X001CXFHWD,850004566329,S-Hum barcode,,,,,,-,-,-,-,S-HUM ,HUM (4L),YES,-,NO,NO,NO,NO,NO,NO,-,-,-,-,NO,NO
44,Oil Diffuser Dark Wood,BRONZE,https://www.amazon.com/dp/B074QGWYHX,-,https://www.amazon.ca/dp/B074QGWYHX,-,-,-,-,-,-,-,-,-,-,B074QGWYHX,EC-ODD,FNSKU,X001JBH61V,046728408315,046728408315,046728408315,ODD barcode,00810062780433,B074QGWYHX,EC-ODD,UPC,-,046728408315,,,-,-,-,-,,,,,,,-,-,-,-,ODD,OD,YES,-,NO,-,-,-,-,-,-,-,-,-,-,YES
44,Oil Diffuser Light Wood,BRONZE,https://www.amazon.com/dp/B074QH7DWM,https://www.amazon.co.uk/dp/B074QH7DWM,https://www.amazon.ca/dp/B074QH7DWM,https://www.amazon.com.mx/dp/B074QH7DWM,-,https://www.amazon.it/dp/B074QH7DWM,https://www.amazon.es/dp/B074QH7DWM,-,-,-,-,-,-,B074QH7DWM,EC-ODL,FNSKU,X001JBGW2P,046728408322,046728408322,046728408322,ODL barcode,00810062780440,B074QH7DWM,EC-ODL,FNSKU,X001CXLLB9,046728408322,EC-ODL barcode,B074QH7DWM,EC-ODL,FNSKU,X001CXLLB9,046728408322,EC-ODL barcode,,,,,,-,-,-,-,ODL,OD,YES,NO,NO,NO,NO,NO,NO,NO,-,-,-,-,NO,YES
45,Essential Oils ,DIRT,https://www.amazon.com/dp/B092MSPF63,-,-,-,-,-,-,-,-,-,-,-,-,B092MSPF63,EOS,FNSKU,X002XFWR0R,850004566923,850004566923,850004566923,EOS barcode,00850004566923,-,-,-,-,-,,-,-,-,-,-,,,,,,,-,-,-,-,https://www.dropbox.com/sh/n417b7xrehk3fqa/AAC1q3EefNzhHlxZpJ5yCMW1a?dl=0,EOK,NO,-,-,-,-,-,-,-,-,-,-,-,-,NO
46,Throw Blanket Artic Blue,PLATINUM,https://www.amazon.com/dp/B0851TMQN8,https://www.amazon.co.uk/dp/B0851TMQN8,https://www.amazon.ca/dp/B0851TMQN8,https://www.amazon.com.mx/dp/B0851TMQN8,https://www.amazon.de/dp/B0851TMQN8,https://www.amazon.it/dp/B0851TMQN8,https://www.amazon.es/dp/B0851TMQN8,https://www.amazon.fr/dp/B0851TMQN8,https://www.amazon.pl/dp/B0851TMQN8,https://www.amazon.pl/dp/B0851TMQN8,https://www.amazon.nl/dp/B0851TMQN8,https://www.amazon.com.tr/dp/B0851TMQN8,https://www.amazon.co.jp/dp/B0851TMQN8,B0851TMQN8,TB-AB,FNSKU,X002GZ882Z,850004566565,850004566565,850004566565,TB-Arctic Blue barcode,00810062781126,B0851TMQN8,TB-AB,FNSKU,X0017ELRMV,850004566565,TB-AB barcode,B0851TMQN8,TB-AB,FNSKU,X0017ELRMV,850004566565,TB-AB barcode,,,,,,https://docs.google.com/document/d/1if0xnygekCtF5EpsZr9P_HUTzC7Yty9Pd_U2wsys0r8/edit?usp=sharing,https://docs.google.com/document/d/1PS_vF8knnD6stktQEgegooCHIcPNJrE9zdMjCbCvbQo/edit?usp=sharing,https://docs.google.com/document/d/1LSw95pWLLFMGTZj79gcgSLnjWWida_7a30qmWmNOJ2I/edit?usp=sharing,-,TB-AB,TB,YES,YES,NO,NO,NO,NO,NO,NO,NO,NO,NO,NO,NO,YES
46,Throw Blanket Black,PLATINUM,https://www.amazon.com/dp/B0851TC6H8,https://www.amazon.co.uk/dp/B0851TC6H8,https://www.amazon.ca/dp/B0851TC6H8,https://www.amazon.com.mx/dp/B0851TC6H8,https://www.amazon.de/dp/B0851TC6H8,https://www.amazon.it/dp/B0851TC6H8,https://www.amazon.es/dp/B0851TC6H8,https://www.amazon.fr/dp/B0851TC6H8,https://www.amazon.pl/dp/B0851TC6H8,https://www.amazon.pl/dp/B0851TC6H8,https://www.amazon.nl/dp/B0851TC6H8,https://www.amazon.com.tr/dp/B0851TC6H8,https://www.amazon.co.jp/dp/B0851TC6H8,B0851TC6H8,TB-B,FNSKU,X002GZIDDT,850004566558,850004566558,850004566558,TB-Black barcode,00810062781133,B0851TC6H8,TB-B,FNSKU,X00176N4PR,850004566558,TB-B barcode,B0851TC6H8,TB-B,FNSKU,X00176N4PR,850004566558,TB-B barcode,,,,,,https://docs.google.com/document/d/15l4Gal8fRTpvsXSB8OlvgCMx4x1zsXMUZKa_dJjt0tM/edit?usp=sharing,https://docs.google.com/document/d/1pyx4CsjCqZbtvXrxaXtDbyx9AKygqkmWHhOVhePfPm4/edit?usp=sharing,https://docs.google.com/document/d/1Z8KX_aazqjYeQEY2KHb39wiNPTSaLGMhr-0Ku6wVA9s/edit?usp=sharing,-,TB-B,TB,YES,YES,NO,NO,NO,NO,NO,NO,NO,NO,NO,NO,NO,
46,Throw Blanket Chocolate,PLATINUM,https://www.amazon.com/dp/B0851T2KN9,https://www.amazon.co.uk/dp/B0851T2KN9,https://www.amazon.ca/dp/B0851T2KN9,https://www.amazon.com.mx/dp/B0851T2KN9,https://www.amazon.de/dp/B0851T2KN9,https://www.amazon.it/dp/B0851T2KN9,https://www.amazon.es/dp/B0851T2KN9,https://www.amazon.fr/dp/B0851T2KN9,https://www.amazon.pl/dp/B0851T2KN9,https://www.amazon.pl/dp/B0851T2KN9,https://www.amazon.nl/dp/B0851T2KN9,https://www.amazon.com.tr/dp/B0851T2KN9,https://www.amazon.co.jp/dp/B0851T2KN9,B0851T2KN9,TB-C,FNSKU,X002GZIDDJ,850004566534,850004566534,850004566534,TB-Chocolate barcode,00810062781140,B0851T2KN9,TB-C,FNSKU,X00176O8RF,850004566534,TB-C barcode,B0851T2KN9,TB-C,FNSKU,X00176O8RF,850004566534,TB-C barcode,,,,,,https://docs.google.com/document/d/15l4Gal8fRTpvsXSB8OlvgCMx4x1zsXMUZKa_dJjt0tM/edit?usp=sharing,https://docs.google.com/document/d/1pyx4CsjCqZbtvXrxaXtDbyx9AKygqkmWHhOVhePfPm4/edit?usp=sharing,https://docs.google.com/document/d/1Z8KX_aazqjYeQEY2KHb39wiNPTSaLGMhr-0Ku6wVA9s/edit?usp=sharing,-,TB-C,TB,YES,YES,NO,NO,NO,NO,NO,NO,NO,NO,NO,NO,NO,
46,Throw Blanket Dark Red,PLATINUM,https://www.amazon.com/dp/B0851SQ83K,https://www.amazon.co.uk/dp/B0851SQ83K,https://www.amazon.ca/dp/B0851SQ83K,https://www.amazon.com.mx/dp/B0851SQ83K,https://www.amazon.de/dp/B0851SQ83K,https://www.amazon.it/dp/B0851SQ83K,https://www.amazon.es/dp/B0851SQ83K,https://www.amazon.fr/dp/B0851SQ83K,https://www.amazon.pl/dp/B0851SQ83K,https://www.amazon.pl/dp/B0851SQ83K,https://www.amazon.nl/dp/B0851SQ83K,https://www.amazon.com.tr/dp/B0851SQ83K,https://www.amazon.co.jp/dp/B0851SQ83K,B0851SQ83K,TB-R,FNSKU,X002GZFHI3,850004566572,850004566572,850004566572,TB-Dark Red barcode,00810062781157,B0851SQ83K,TB-R,FNSKU,X0017ELSGL,850004566572,TB-R barcode,B0851SQ83K,TB-R,FNSKU,X0017ELSGL,850004566572,TB-R barcode,,,,,,https://docs.google.com/document/d/15l4Gal8fRTpvsXSB8OlvgCMx4x1zsXMUZKa_dJjt0tM/edit?usp=sharing,https://docs.google.com/document/d/1pyx4CsjCqZbtvXrxaXtDbyx9AKygqkmWHhOVhePfPm4/edit?usp=sharing,https://docs.google.com/document/d/1Z8KX_aazqjYeQEY2KHb39wiNPTSaLGMhr-0Ku6wVA9s/edit?usp=sharing,-,TB-DR,TB,YES,YES,NO,NO,NO,NO,NO,NO,NO,NO,NO,NO,NO,
46,Throw Blanket Gray,PLATINUM,https://www.amazon.com/dp/B0851TFRNN,https://www.amazon.co.uk/dp/B0851TFRNN,https://www.amazon.ca/dp/B0851TFRNN,https://www.amazon.com.mx/dp/B0851TFRNN,https://www.amazon.de/dp/B0851TFRNN,https://www.amazon.it/dp/B0851TFRNN,https://www.amazon.es/dp/B0851TFRNN,https://www.amazon.fr/dp/B0851TFRNN,https://www.amazon.pl/dp/B0851TFRNN,https://www.amazon.pl/dp/B0851TFRNN,https://www.amazon.nl/dp/B0851TFRNN,https://www.amazon.com.tr/dp/B0851TFRNN,https://www.amazon.co.jp/dp/B0851TFRNN,B0851TFRNN,TB-G,FNSKU,X002GZFHHJ,850004566510,850004566510,850004566510,TB-Gray barcode,00810062781164,B0851TFRNN,TB-G,FNSKU,X00176O8ZH,850004566510,TB-G barcode,B0851TFRNN,TB-G,FNSKU,X00176O8ZH,850004566510,TB-G barcode,,,,,,https://docs.google.com/document/d/15l4Gal8fRTpvsXSB8OlvgCMx4x1zsXMUZKa_dJjt0tM/edit?usp=sharing,https://docs.google.com/document/d/1pyx4CsjCqZbtvXrxaXtDbyx9AKygqkmWHhOVhePfPm4/edit?usp=sharing,https://docs.google.com/document/d/1Z8KX_aazqjYeQEY2KHb39wiNPTSaLGMhr-0Ku6wVA9s/edit?usp=sharing,-,TB-G,TB,YES,YES,NO,NO,NO,NO,NO,NO,NO,NO,NO,NO,NO,
46,Throw Blanket Ivory,PLATINUM,https://www.amazon.com/dp/B0851SX8LK,https://www.amazon.co.uk/dp/B0851SX8LK,-,https://www.amazon.com.mx/dp/B0851SX8LK,https://www.amazon.de/dp/B0851SX8LK,https://www.amazon.it/dp/B0851SX8LK,https://www.amazon.es/dp/B0851SX8LK,https://www.amazon.fr/dp/B0851SX8LK,https://www.amazon.pl/dp/B0851SX8LK,https://www.amazon.pl/dp/B0851SX8LK,https://www.amazon.nl/dp/B0851SX8LK,https://www.amazon.com.tr/dp/B0851SX8LK,https://www.amazon.co.jp/dp/B0851SX8LK,B0851SX8LK,TB-I,FNSKU,X002GZ882P,850004566541,850004566541,850004566541,TB-Ivory barcode,00810062781171,B0851SX8LK,TB-I,FNSKU,X00176OD4X,850004566541,TB-I barcode,B0851SX8LK,TB-I,FNSKU,X00176OD4X,850004566541,TB-I barcode,,,,,,https://docs.google.com/document/d/15l4Gal8fRTpvsXSB8OlvgCMx4x1zsXMUZKa_dJjt0tM/edit?usp=sharing,https://docs.google.com/document/d/1pyx4CsjCqZbtvXrxaXtDbyx9AKygqkmWHhOVhePfPm4/edit?usp=sharing,https://docs.google.com/document/d/1Z8KX_aazqjYeQEY2KHb39wiNPTSaLGMhr-0Ku6wVA9s/edit?usp=sharing,-,TB-I,TB,YES,YES,NO,NO,NO,NO,NO,NO,NO,NO,NO,NO,NO,
46,Throw Blanket Navy Blue,PLATINUM,https://www.amazon.com/dp/B0851T4G22,https://www.amazon.co.uk/dp/B0851T4G22,https://www.amazon.ca/dp/B0851T4G22,https://www.amazon.com.mx/dp/B0851T4G22,https://www.amazon.de/dp/B0851T4G22,https://www.amazon.it/dp/B0851T4G22,https://www.amazon.es/dp/B0851T4G22,https://www.amazon.fr/dp/B0851T4G22,https://www.amazon.pl/dp/B0851T4G22,https://www.amazon.pl/dp/B0851T4G22,https://www.amazon.nl/dp/B0851T4G22,https://www.amazon.com.tr/dp/B0851T4G22,https://www.amazon.co.jp/dp/B0851T4G22,B0851T4G22,TB-NB,FNSKU,X002GZ882F,850004566527,850004566527,850004566527,TB-Navy Blue barcode,00810062781188,B0851T4G22,TB-NB,FNSKU,X00174TBEH,850004566527,TB-NB barcode,B0851T4G22,TB-NB,FNSKU,X00174TBEH,850004566527,TB-NB barcode,,,,,,https://docs.google.com/document/d/15l4Gal8fRTpvsXSB8OlvgCMx4x1zsXMUZKa_dJjt0tM/edit?usp=sharing,https://docs.google.com/document/d/1pyx4CsjCqZbtvXrxaXtDbyx9AKygqkmWHhOVhePfPm4/edit?usp=sharing,https://docs.google.com/document/d/1Z8KX_aazqjYeQEY2KHb39wiNPTSaLGMhr-0Ku6wVA9s/edit?usp=sharing,-,TB-NB,TB,YES,YES,NO,NO,NO,NO,NO,NO,NO,NO,NO,NO,NO,
46,Throw Blanket Teal,PLATINUM,https://www.amazon.com/dp/B0851VG5MG,https://www.amazon.co.uk/dp/B0851VG5MG,https://www.amazon.ca/dp/B0851VG5MG,https://www.amazon.com.mx/dp/B0851VG5MG,https://www.amazon.de/dp/B0851VG5MG,https://www.amazon.it/dp/B0851VG5MG,https://www.amazon.es/dp/B0851VG5MG,https://www.amazon.fr/dp/B0851VG5MG,https://www.amazon.pl/dp/B0851VG5MG,https://www.amazon.pl/dp/B0851VG5MG,https://www.amazon.nl/dp/B0851VG5MG,https://www.amazon.com.tr/dp/B0851VG5MG,https://www.amazon.co.jp/dp/B0851VG5MG,B0851VG5MG,TB-TL,FNSKU,X002GZLRBT,850004566596,850004566596,850004566596,TB-Teal barcode,00810062781195,B0851VG5MG,TB-TL,FNSKU,X0017ELSO3,850004566596,TB-TL barcode,B0851VG5MG,TB-TL,FNSKU,X0017ELSO3,850004566596,TB-TL barcode,,,,,,https://docs.google.com/document/d/15l4Gal8fRTpvsXSB8OlvgCMx4x1zsXMUZKa_dJjt0tM/edit?usp=sharing,https://docs.google.com/document/d/1pyx4CsjCqZbtvXrxaXtDbyx9AKygqkmWHhOVhePfPm4/edit?usp=sharing,https://docs.google.com/document/d/1Z8KX_aazqjYeQEY2KHb39wiNPTSaLGMhr-0Ku6wVA9s/edit?usp=sharing,-,TB-T,TB,YES,YES,NO,NO,NO,NO,NO,NO,NO,NO,NO,NO,NO,
47,Under Door Draft Stopper,PLATINUM,https://www.amazon.com/dp/B08HR2L8RZ,-,https://www.amazon.ca/dp/B08HR2L8RZ,-,https://www.amazon.de/dp/B08HR2L8RZ,https://www.amazon.it/dp/B08HR2L8RZ,https://www.amazon.es/dp/B08HR2L8RZ,https://www.amazon.fr/dp/B08HR2L8RZ,-,-,-,-,https://www.amazon.co.jp/dp/B08HR2L8RZ,B08HR2L8RZ,DDS-B,FNSKU,X002N5BCDP,850004566817,850004566817,850004566817,DDS-Black barcode,00850004566817,B08HR2L8RZ,DDS-B,FNSKU,B08HR2L8RZ,850004566817,DDS-B barcode,B08HR2L8RZ,,,-,850004566817,,,,,,,-,-,-,-,DDS,DDS,NO,-,-,-,NO,NO,NO,NO,-,-,-,-,NO,-
48,Gaming Mouse Pad,PLATINUM,https://www.amazon.com/dp/B09BXWZQ33,-,https://www.amazon.ca/dp/B09BXWZQ33,-,-,-,-,-,-,-,-,-,-,B09BXWZQ33,GMP,FNSKU,X002Z77W8P,810062780815,810062780815,810062780815,GMP barcode,00810062780815,B09BXWZQ33,GMP-B,UPC,B09BXWZQ33,810062780815,GMP-B barcode,-,-,,-,810062780815,,,,,,,-,,,,GMP,GMP,NO,-,-,-,-,-,-,-,-,-,-,-,-,-
49,Back Stretcher,PLATINUM,https://www.amazon.com/dp/B09C7JP4F4,-,-,-,-,-,-,-,-,-,-,-,-,B09C7JP4F4,BSC-B,UPC,B09C7JP4F4,810062780822,810062780822,810062780822,BSC-Black barcode,00810062780822,B09C7JP4F4,BSC-B,UPC,B09C7JP4F4,810062780822,BSC-B barcode,-,-,,-,-,,,,,,,-,,,,BSC,BSC,NO,-,-,-,-,-,-,-,-,-,-,-,-,-